figure	relative_path	ftp_status	remote_path	remote_size_bytes	reuse_source_relative_path	figshare_url	notes
figure1	reproducibility/figure1/data/level5_beta_trt_xpr_n142901x12328.gctx	uploaded	data/reproducibility/figure1/data/level5_beta_trt_xpr_n142901x12328.gctx	6516812529		TODO_FIGSHARE_FILE_URL	Uploaded by FTP to the Figshare private share data folder.
figure1	reproducibility/figure1/data/siginfo_beta.txt	uploaded	data/reproducibility/figure1/data/siginfo_beta.txt	465242319		TODO_FIGSHARE_FILE_URL	Uploaded by FTP to the Figshare private share data folder.
figure1	reproducibility/figure1/data/LINC gene annotations.csv	uploaded	data/reproducibility/figure1/data/LINC gene annotations.csv	510437		TODO_FIGSHARE_FILE_URL	Uploaded by FTP to the Figshare private share data folder.
figure1	reproducibility/figure1/data/250120 AKT1-related gene sets in MsigDB.csv	uploaded	data/reproducibility/figure1/data/250120 AKT1-related gene sets in MsigDB.csv	1349		TODO_FIGSHARE_FILE_URL	Uploaded by FTP to the Figshare private share data folder.
figure1	reproducibility/figure1/data/250603 AKT_related gene sets_MSigDB.csv	uploaded	data/reproducibility/figure1/data/250603 AKT_related gene sets_MSigDB.csv	2268		TODO_FIGSHARE_FILE_URL	Uploaded by FTP to the Figshare private share data folder.
figure1	reproducibility/figure1/data/250604 multiple_TARGETS-related gene sets in MsigDB.csv	uploaded	data/reproducibility/figure1/data/250604 multiple_TARGETS-related gene sets in MsigDB.csv	13504		TODO_FIGSHARE_FILE_URL	Uploaded by FTP to the Figshare private share data folder.
figure2	reproducibility/figure2/data/Figure2a AKT gene set collection.rds	uploaded	data/reproducibility/figure2/data/Figure2a AKT gene set collection.rds	17886		TODO_FIGSHARE_FILE_URL	Uploaded by FTP to the Figshare private share data folder.
figure2	reproducibility/figure2/data/250617 Figure 2a_all gene sets_annotated_FINAL_github.csv	uploaded	data/reproducibility/figure2/data/250617 Figure 2a_all gene sets_annotated_FINAL_github.csv	5361		TODO_FIGSHARE_FILE_URL	Uploaded by FTP to the Figshare private share data folder.
figure2	reproducibility/figure2/data/Human.GRCh38.p13.annot.tsv.gz	uploaded	data/reproducibility/figure2/data/Human.GRCh38.p13.annot.tsv.gz	4417321		TODO_FIGSHARE_FILE_URL	Uploaded by FTP to the Figshare private share data folder.
figure2	reproducibility/figure2/data/GSE111005_raw_counts_GRCh38.p13_NCBI.tsv.gz	uploaded	data/reproducibility/figure2/data/GSE111005_raw_counts_GRCh38.p13_NCBI.tsv.gz	558528		TODO_FIGSHARE_FILE_URL	Uploaded by FTP to the Figshare private share data folder.
figure2	reproducibility/figure2/data/GSE133116_raw_counts_GRCh38.p13_NCBI.tsv.gz	uploaded	data/reproducibility/figure2/data/GSE133116_raw_counts_GRCh38.p13_NCBI.tsv.gz	515613		TODO_FIGSHARE_FILE_URL	Uploaded by FTP to the Figshare private share data folder.
figure2	reproducibility/figure2/data/GSE149626_raw_counts_GRCh38.p13_NCBI.tsv.gz	uploaded	data/reproducibility/figure2/data/GSE149626_raw_counts_GRCh38.p13_NCBI.tsv.gz	334263		TODO_FIGSHARE_FILE_URL	Uploaded by FTP to the Figshare private share data folder.
figure2	reproducibility/figure2/data/Fig 2b_GSE145128 ExpressionSet_Annotated_UniqueGeneNames.rds	uploaded	data/reproducibility/figure2/data/Fig 2b_GSE145128 ExpressionSet_Annotated_UniqueGeneNames.rds	652329		TODO_FIGSHARE_FILE_URL	Uploaded by FTP to the Figshare private share data folder.
figure2	reproducibility/figure2/data/a172 AUCell_null_model.rds	uploaded	data/reproducibility/figure2/data/a172 AUCell_null_model.rds	13502151		TODO_FIGSHARE_FILE_URL	Uploaded by FTP to the Figshare private share data folder.
figure2	reproducibility/figure2/data/u87 AUCell_null_model.rds	uploaded	data/reproducibility/figure2/data/u87 AUCell_null_model.rds	13085560		TODO_FIGSHARE_FILE_URL	Uploaded by FTP to the Figshare private share data folder.
figure2	reproducibility/figure2/data/241105 combined_seurat_objects_subsetted and processed_vechicle&zstk474.rds	uploaded	data/reproducibility/figure2/data/241105 combined_seurat_objects_subsetted and processed_vechicle&zstk474.rds	155452832		TODO_FIGSHARE_FILE_URL	Uploaded by FTP to the Figshare private share data folder.
figure3	reproducibility/figure3/data/subsets/	uploaded_directory_contents	data/reproducibility/figure3/data/subsets	1673116428		TODO_FIGSHARE_FILE_URL	10 files uploaded under this directory; do not upload a separate zip unless the manifest is changed.
figure3	reproducibility/figure3/data/level5_beta_trt_xpr_n142901x12328.gctx	reuse_existing_upload_url			reproducibility/figure1/data/level5_beta_trt_xpr_n142901x12328.gctx	TODO_FIGSHARE_FILE_URL	Do not upload duplicate file; use the Figshare URL for reuse_source_relative_path in this manifest row.
figure3	reproducibility/figure3/data/siginfo_beta.txt	reuse_existing_upload_url			reproducibility/figure1/data/siginfo_beta.txt	TODO_FIGSHARE_FILE_URL	Do not upload duplicate file; use the Figshare URL for reuse_source_relative_path in this manifest row.
figure3	reproducibility/figure3/data/LINC gene annotations.csv	reuse_existing_upload_url			reproducibility/figure1/data/LINC gene annotations.csv	TODO_FIGSHARE_FILE_URL	Do not upload duplicate file; use the Figshare URL for reuse_source_relative_path in this manifest row.
figure3	reproducibility/figure3/data/250717_original_annotations_Dressler_role.csv	uploaded	data/reproducibility/figure3/data/250717_original_annotations_Dressler_role.csv	11850		TODO_FIGSHARE_FILE_URL	Uploaded by FTP to the Figshare private share data folder.
figure3	reproducibility/figure3/data/250717_original_annotations_Dressler_status.csv	uploaded	data/reproducibility/figure3/data/250717_original_annotations_Dressler_status.csv	78204		TODO_FIGSHARE_FILE_URL	Uploaded by FTP to the Figshare private share data folder.
figure3	reproducibility/figure3/data/250717_original_annotations_Kinnersley_role.csv	uploaded	data/reproducibility/figure3/data/250717_original_annotations_Kinnersley_role.csv	8307		TODO_FIGSHARE_FILE_URL	Uploaded by FTP to the Figshare private share data folder.
figure3	reproducibility/figure3/data/Human.GRCh38.p13.annot.tsv.gz	reuse_existing_upload_url			reproducibility/figure2/data/Human.GRCh38.p13.annot.tsv.gz	TODO_FIGSHARE_FILE_URL	Do not upload duplicate file; use the Figshare URL for reuse_source_relative_path in this manifest row.
figure3	reproducibility/figure3/data/Collectri_genesets_forfGSEA.csv	uploaded	data/reproducibility/figure3/data/Collectri_genesets_forfGSEA.csv	21481258		TODO_FIGSHARE_FILE_URL	Uploaded by FTP to the Figshare private share data folder.
figure3	reproducibility/figure3/data/240918 LINC_gene sets_CRISPR_CONSENSUS_SigComLINCS_bottom_150.csv	uploaded	data/reproducibility/figure3/data/240918 LINC_gene sets_CRISPR_CONSENSUS_SigComLINCS_bottom_150.csv	8827217		TODO_FIGSHARE_FILE_URL	Uploaded by FTP to the Figshare private share data folder.
figure3	reproducibility/figure3/data/240918 LINC_gene sets_CRISPR_CONSENSUS_SigComLINCS_bottom_200.csv	uploaded	data/reproducibility/figure3/data/240918 LINC_gene sets_CRISPR_CONSENSUS_SigComLINCS_bottom_200.csv	11759014		TODO_FIGSHARE_FILE_URL	Uploaded by FTP to the Figshare private share data folder.
figure3	reproducibility/figure3/data/240918 LINC_gene sets_CRISPR_CONSENSUS_SigComLINCS_bottom_250.csv	uploaded	data/reproducibility/figure3/data/240918 LINC_gene sets_CRISPR_CONSENSUS_SigComLINCS_bottom_250.csv	14695560		TODO_FIGSHARE_FILE_URL	Uploaded by FTP to the Figshare private share data folder.
figure3	reproducibility/figure3/data/BENCHMARKING PARAMETERS ALL CONTEXTS_Collectri.csv	uploaded	data/reproducibility/figure3/data/BENCHMARKING PARAMETERS ALL CONTEXTS_Collectri.csv	4231		TODO_FIGSHARE_FILE_URL	Uploaded by FTP to the Figshare private share data folder.
figure3	reproducibility/figure3/data/240924 Benchmarking_R_list_25NULL MODELS FOR EACH PARAM.rds	uploaded	data/reproducibility/figure3/data/240924 Benchmarking_R_list_25NULL MODELS FOR EACH PARAM.rds	635530315		TODO_FIGSHARE_FILE_URL	Uploaded by FTP to the Figshare private share data folder.
figure3	reproducibility/figure3/data/240925_Benchmarking_R_list_25NULL_MODELS_FOR_EACH_PARAM_2.rds	uploaded	data/reproducibility/figure3/data/240925_Benchmarking_R_list_25NULL_MODELS_FOR_EACH_PARAM_2.rds	634851692		TODO_FIGSHARE_FILE_URL	Uploaded by FTP to the Figshare private share data folder.
figure3	reproducibility/figure3/data/240925_Benchmarking_R_list_25NULL_MODELS_FOR_EACH_PARAM_3.rds	uploaded	data/reproducibility/figure3/data/240925_Benchmarking_R_list_25NULL_MODELS_FOR_EACH_PARAM_3.rds	634809905		TODO_FIGSHARE_FILE_URL	Uploaded by FTP to the Figshare private share data folder.
figure3	reproducibility/figure3/data/240925_Benchmarking_R_list_25NULL_MODELS_FOR_EACH_PARAM_4.rds	uploaded	data/reproducibility/figure3/data/240925_Benchmarking_R_list_25NULL_MODELS_FOR_EACH_PARAM_4.rds	634807015		TODO_FIGSHARE_FILE_URL	Uploaded by FTP to the Figshare private share data folder.
figure3	reproducibility/figure3/data/250710 Benchmarking_fgsea results_ALL_CONTEXTS.csv	uploaded	data/reproducibility/figure3/data/250710 Benchmarking_fgsea results_ALL_CONTEXTS.csv	352603		TODO_FIGSHARE_FILE_URL	Uploaded by FTP to the Figshare private share data folder.
figure3	reproducibility/figure3/data/250715_fGSEA_100NULLmodels_SUMMARY.csv	uploaded	data/reproducibility/figure3/data/250715_fGSEA_100NULLmodels_SUMMARY.csv	453478		TODO_FIGSHARE_FILE_URL	Uploaded by FTP to the Figshare private share data folder.
figure3	reproducibility/figure3/data/250721 Benchmarking_COMPASS_across_contexts_fgsea.csv	uploaded	data/reproducibility/figure3/data/250721 Benchmarking_COMPASS_across_contexts_fgsea.csv	153507		TODO_FIGSHARE_FILE_URL	Uploaded by FTP to the Figshare private share data folder.
figure3	reproducibility/figure3/data/250725_FIG3E_COMPARISON_fGSEA_100NULLmodels_SUMMARY.csv	uploaded	data/reproducibility/figure3/data/250725_FIG3E_COMPARISON_fGSEA_100NULLmodels_SUMMARY.csv	92146		TODO_FIGSHARE_FILE_URL	Uploaded by FTP to the Figshare private share data folder.
figure3	reproducibility/figure3/data/annotation_protein function.csv	uploaded	data/reproducibility/figure3/data/annotation_protein function.csv	647		TODO_FIGSHARE_FILE_URL	Uploaded by FTP to the Figshare private share data folder.
figure3	reproducibility/figure3/data/annotation_protein localization.csv	uploaded	data/reproducibility/figure3/data/annotation_protein localization.csv	731		TODO_FIGSHARE_FILE_URL	Uploaded by FTP to the Figshare private share data folder.
figure4	reproducibility/figure4/data/drugs_U251MG_withLINCsignatures.cleaned.rds	uploaded	data/reproducibility/figure4/data/drugs_U251MG_withLINCsignatures.cleaned.rds	4429537		TODO_FIGSHARE_FILE_URL	Uploaded by FTP to the Figshare private share data folder.
figure4	reproducibility/figure4/data/drugs_U251MG_withLINCsignatures.gct	uploaded	data/reproducibility/figure4/data/drugs_U251MG_withLINCsignatures.gct	25776066		TODO_FIGSHARE_FILE_URL	Uploaded by FTP to the Figshare private share data folder.
figure4	reproducibility/figure4/data/metadata drugs_U251MG_withLINCsignatures.txt	uploaded	data/reproducibility/figure4/data/metadata drugs_U251MG_withLINCsignatures.txt	7781		TODO_FIGSHARE_FILE_URL	Uploaded by FTP to the Figshare private share data folder.
figure4	reproducibility/figure4/data/COMPASS_drug_target interactions.csv	uploaded	data/reproducibility/figure4/data/COMPASS_drug_target interactions.csv	5864		TODO_FIGSHARE_FILE_URL	Uploaded by FTP to the Figshare private share data folder.
figure4	reproducibility/figure4/data/LINC gene annotations.csv	reuse_existing_upload_url			reproducibility/figure1/data/LINC gene annotations.csv	TODO_FIGSHARE_FILE_URL	Do not upload duplicate file; use the Figshare URL for reuse_source_relative_path in this manifest row.
figure4	reproducibility/figure4/data/annotation_protein function_GBM63.csv	uploaded	data/reproducibility/figure4/data/annotation_protein function_GBM63.csv	151		TODO_FIGSHARE_FILE_URL	Uploaded by FTP to the Figshare private share data folder.
figure4	reproducibility/figure4/data/annotation_protein localization_GBM63.csv	uploaded	data/reproducibility/figure4/data/annotation_protein localization_GBM63.csv	286		TODO_FIGSHARE_FILE_URL	Uploaded by FTP to the Figshare private share data folder.
figure4	reproducibility/figure4/data/250212 BENCHMARKING_GBM63_DESeq2MEAN_COMPASS&SigCOM_FILTERED_FOR_ROC_zscores.csv	uploaded	data/reproducibility/figure4/data/250212 BENCHMARKING_GBM63_DESeq2MEAN_COMPASS&SigCOM_FILTERED_FOR_ROC_zscores.csv	22648		TODO_FIGSHARE_FILE_URL	Uploaded by FTP to the Figshare private share data folder.
figure5	reproducibility/figure5/data/250428 GSE174554_seurat_malignant.harmony_CLEAN_LAYERS JOINT_IDHwt_all.rds	uploaded	data/reproducibility/figure5/data/250428 GSE174554_seurat_malignant.harmony_CLEAN_LAYERS JOINT_IDHwt_all.rds	2432147295		TODO_FIGSHARE_FILE_URL	Uploaded by FTP to the Figshare private share data folder.
figure5	reproducibility/figure5/data/250626 GSE174554_pseudobulked transcriptomes_SCALED and feature selected.rds	uploaded	data/reproducibility/figure5/data/250626 GSE174554_pseudobulked transcriptomes_SCALED and feature selected.rds	1215505		TODO_FIGSHARE_FILE_URL	Uploaded by FTP to the Figshare private share data folder.
figure5	reproducibility/figure5/data/Neftel_TableS2_MES&NPCjoined2.csv	uploaded	data/reproducibility/figure5/data/Neftel_TableS2_MES&NPCjoined2.csv	2532		TODO_FIGSHARE_FILE_URL	Uploaded by FTP to the Figshare private share data folder.
figure5	reproducibility/figure5/data/250106 LINC_gene sets_CRISPR_U251MG_bottom 150_ALL_c1-3_tas02_ANNOTATED.csv	uploaded	data/reproducibility/figure5/data/250106 LINC_gene sets_CRISPR_U251MG_bottom 150_ALL_c1-3_tas02_ANNOTATED.csv	5149774		TODO_FIGSHARE_FILE_URL	Uploaded by FTP to the Figshare private share data folder.
figure5	reproducibility/figure5/data/final_gene_expr_df.csv	uploaded	data/reproducibility/figure5/data/final_gene_expr_df.csv	216772340		TODO_FIGSHARE_FILE_URL	Uploaded by FTP to the Figshare private share data folder.
figure5	reproducibility/figure5/data/prot_mat_filtered.csv	uploaded	data/reproducibility/figure5/data/prot_mat_filtered.csv	32167462		TODO_FIGSHARE_FILE_URL	Uploaded by FTP to the Figshare private share data folder.
figure6	reproducibility/figure6/data/ExpressionSet_GSE145128.rds	uploaded	data/reproducibility/figure6/data/ExpressionSet_GSE145128.rds	652372		TODO_FIGSHARE_FILE_URL	Uploaded by FTP to the Figshare private share data folder.
figure6	reproducibility/figure6/data/250315_MTT_data_BN91.csv	uploaded	data/reproducibility/figure6/data/250315_MTT_data_BN91.csv	1308		TODO_FIGSHARE_FILE_URL	Uploaded by FTP to the Figshare private share data folder.
figure6	reproducibility/figure6/data/250618_MTT_data_BN118.csv	uploaded	data/reproducibility/figure6/data/250618_MTT_data_BN118.csv	1375		TODO_FIGSHARE_FILE_URL	Uploaded by FTP to the Figshare private share data folder.
figure6	reproducibility/figure6/data/250714_MTT_data_BN91.csv	uploaded	data/reproducibility/figure6/data/250714_MTT_data_BN91.csv	1666		TODO_FIGSHARE_FILE_URL	Uploaded by FTP to the Figshare private share data folder.
figure6	reproducibility/figure6/data/250714_MTT_data_BN118.csv	uploaded	data/reproducibility/figure6/data/250714_MTT_data_BN118.csv	1819		TODO_FIGSHARE_FILE_URL	Uploaded by FTP to the Figshare private share data folder.
figure6	reproducibility/figure6/data/250721_MTT_data_BN118.csv	uploaded	data/reproducibility/figure6/data/250721_MTT_data_BN118.csv	1957		TODO_FIGSHARE_FILE_URL	Uploaded by FTP to the Figshare private share data folder.
figure6	reproducibility/figure6/data/Source data_Fig6b_string_annotations.txt	uploaded	data/reproducibility/figure6/data/Source data_Fig6b_string_annotations.txt	96618		TODO_FIGSHARE_FILE_URL	Uploaded by FTP to the Figshare private share data folder.
figure6	reproducibility/figure6/data/Source data_Fig6b_string_interactions.csv	uploaded	data/reproducibility/figure6/data/Source data_Fig6b_string_interactions.csv	584		TODO_FIGSHARE_FILE_URL	Uploaded by FTP to the Figshare private share data folder.
figure6	reproducibility/figure6/data/Source data_Fig6b_string_output.pdf	uploaded	data/reproducibility/figure6/data/Source data_Fig6b_string_output.pdf	100591		TODO_FIGSHARE_FILE_URL	Uploaded by FTP to the Figshare private share data folder.
figure6h	reproducibility/figure6/data/wb_correlation/260725 WB_corrected_data_with Ponceau.csv	uploaded	data/reproducibility/figure6/data/wb_correlation/260725 WB_corrected_data_with Ponceau.csv	5478		TODO_FIGSHARE_FILE_URL	Uploaded by FTP to the Figshare private share data folder.
figure6h	reproducibility/figure6/data/wb_correlation/raw_counts_260310.csv	uploaded	data/reproducibility/figure6/data/wb_correlation/raw_counts_260310.csv	2746076		TODO_FIGSHARE_FILE_URL	Uploaded by FTP to the Figshare private share data folder.
figure6h	reproducibility/figure6/data/wb_correlation/vmpa_wb_correlations/vmpa_glioma_n250_none_unique_FALSE_raw_result.csv	uploaded	data/reproducibility/figure6/data/wb_correlation/vmpa_wb_correlations/vmpa_glioma_n250_none_unique_FALSE_raw_result.csv	923528		TODO_FIGSHARE_FILE_URL	Uploaded by FTP to the Figshare private share data folder.
figure6h_6i	reproducibility/figure6/data/wb_correlation/vmpa_wb_correlations/vmpa_glioma_n250_sample_pop_sd_unique_FALSE_raw_result.csv	uploaded	data/reproducibility/figure6/data/wb_correlation/vmpa_wb_correlations/vmpa_glioma_n250_sample_pop_sd_unique_FALSE_raw_result.csv	885862		TODO_FIGSHARE_FILE_URL	Uploaded by FTP to the Figshare private share data folder.
figure6h	reproducibility/figure6/data/wb_correlation/vmpa_wb_correlations/vmpa_glioma_n250_sample_z_unique_FALSE_raw_result.csv	uploaded	data/reproducibility/figure6/data/wb_correlation/vmpa_wb_correlations/vmpa_glioma_n250_sample_z_unique_FALSE_raw_result.csv	885811		TODO_FIGSHARE_FILE_URL	Uploaded by FTP to the Figshare private share data folder.
figure6h	reproducibility/figure6/data/wb_correlation/vmpa_wb_correlations/vmpa_glioma_n250_signature_z_unique_FALSE_raw_result.csv	uploaded	data/reproducibility/figure6/data/wb_correlation/vmpa_wb_correlations/vmpa_glioma_n250_signature_z_unique_FALSE_raw_result.csv	886199		TODO_FIGSHARE_FILE_URL	Uploaded by FTP to the Figshare private share data folder.
figure6j	reproducibility/figure6/data/apoptosis_pathway/COMPASS_glioma_protivity_GSVA_scores_sample_wise_population_sd.csv	uploaded	data/reproducibility/figure6/data/apoptosis_pathway/COMPASS_glioma_protivity_GSVA_scores_sample_wise_population_sd.csv	852386		TODO_FIGSHARE_FILE_URL	Uploaded by FTP to the Figshare private share data folder.
figure6j	reproducibility/figure6/data/apoptosis_pathway/SigComLINCS_CRISPR_bottom300_GSVA_scores_sample_wise_population_sd.csv	uploaded	data/reproducibility/figure6/data/apoptosis_pathway/SigComLINCS_CRISPR_bottom300_GSVA_scores_sample_wise_population_sd.csv	1653631		TODO_FIGSHARE_FILE_URL	Uploaded by FTP to the Figshare private share data folder.
figure6l_6n	reproducibility/figure6/data/caspase_dapi_response/source_data_well_summed_BN118R_BN91R.csv	uploaded	data/reproducibility/figure6/data/caspase_dapi_response/source_data_well_summed_BN118R_BN91R.csv	7835		TODO_FIGSHARE_FILE_URL	Uploaded by FTP to the Figshare private share data folder.
supplementary_figure4	reproducibility/supplementary_figure4/data/matched_family_benchmark/compass_effect_threshold_sets_matched_values_wide.csv	uploaded	data/reproducibility/supplementary_figure4/data/matched_family_benchmark/compass_effect_threshold_sets_matched_values_wide.csv	191355		TODO_FIGSHARE_FILE_URL	Uploaded by FTP to the Figshare private share data folder.
supplementary_figure4	reproducibility/supplementary_figure4/data/matched_family_benchmark/compass_effect_threshold_sets_compass_sigcom_per_family_permutation_results.csv	uploaded	data/reproducibility/supplementary_figure4/data/matched_family_benchmark/compass_effect_threshold_sets_compass_sigcom_per_family_permutation_results.csv	258408		TODO_FIGSHARE_FILE_URL	Uploaded by FTP to the Figshare private share data folder.
